paper_id,paper_title,author_name,author_id,field
72cce47fd053bf916314d89a8174726c58c05e02,Towards Open-Domain Twitter User Profile Inference,Alexander Hauptmann,7661726,['Computer Science']
2107b867cb8f8afa30a9a940288d7c8b657f8aa5,Zero-Shot and Few-Shot Stance Detection on Varied Topics via Conditional Generation,A. Hauptmann,145788702,['Computer Science']
376f494126d1ea4f571ea0263c43ac2b6331800a,SPAE: Semantic Pyramid AutoEncoder for Multimodal Generation with Frozen LLMs,A. Hauptmann,145788702,['Computer Science']
405e3910e06c9efe7e660b8697bcb4bab4e92f48,STMT: A Spatial-Temporal Mesh Transformer for MoCap-Based Action Recognition,A. Hauptmann,145788702,['Computer Science']
8ccda6de0223bcd897d5dc0efc8f33222a899d0d,DocumentNet: Bridging the Data Gap in Document Pre-training,A. Hauptmann,145788702,['Computer Science']
06a8f2e3c4266196b008851f1ec7ef9f340809da,Advancing Regular Language Reasoning in Linear Recurrent Neural Networks,Alexander I. Rudnicky,1783635,['Computer Science']
2670612b5e11297cd9b98f4d7ff796725f77fe35,Structured Dialogue Discourse Parsing,Alexander I. Rudnicky,1783635,['Computer Science']
4b8d3ede673ddeab9dfb5184da6b748d7a526754,A Vector Quantized Approach for Text to Speech Synthesis on Real-World Spontaneous Speech,Alexander I. Rudnicky,1783635,"['Computer Science', 'Engineering']"
9799c17fd287bb9e8d231fe032c6dbf9c0c9d675,"Overview of Robust and Multilingual Automatic Evaluation Metrics

for Open-Domain Dialogue Systems at DSTC 11 Track 4",Alexander I. Rudnicky,1783635,['Computer Science']
f743324682d5d50db9b114fa60b908f09c10c9a0,Learning to Ask Questions for Zero-shot Dialogue State Tracking,Alexander I. Rudnicky,1783635,['Computer Science']
161bf3f0705ef8e088f53b383363338daac9af44,Latent Positional Information is in the Self-Attention Variance of Transformer Language Models Without Positional Embeddings,A. Rudnicky,3156164,['Computer Science']
465ec2212d865e875e64638b3dd1ecaac21c5ddd,Transformer Working Memory Enables Regular Language Reasoning and Natural Language Length Extrapolation,A. Rudnicky,3156164,['Computer Science']
aab2ed83bc3739a20e90ae1d97dcf45f3bc8e508,"AdapITN: A Fast, Reliable, and Dynamic Adaptive Inverse Text Normalization",A. Waibel,2064429921,['Computer Science']
f3e237e794bc4cd8df7f3e31d0caa2f7ee8cd06b,"Train Global, Tailor Local: Minimalist Multilingual Translation into Endangered Languages",A. Waibel,2064429921,['Computer Science']
f547c7ec86cbc0989e87f0e23f7e0b2cfc5259c3,Towards Efficient Simultaneous Speech Translation: CUNI-KIT System for Simultaneous Track at IWSLT 2023,A. Waibel,2064429921,['Computer Science']
100eb82862a66e264686d015934c97c54bdadb4f,SYNTACC : Synthesizing Multi-Accent Speech By Weight Factorization,A. Waibel,1724972,['Computer Science']
610d9958390ab83515d0d81e19f8e5264faf8e9b,KIT’s Multilingual Speech Translation System for IWSLT 2023,A. Waibel,1724972,['Computer Science']
7e13fcb7b7bae202fb9087e87abaa71a4b19a3e3,Convoifilter: A case study of doing cocktail party speech recognition,A. Waibel,1724972,"['Computer Science', 'Engineering']"
d24d60719e90e69749a75c160cb760d1d9fca44a,Incremental Blockwise Beam Search for Simultaneous Speech Translation with Controllable Quality-Latency Tradeoff,A. Waibel,1724972,"['Computer Science', 'Engineering']"
f524f119afc13cc07ca15998c10b9509e9e9b0b5,End-to-End Evaluation for Low-Latency Simultaneous Speech Translation,A. Waibel,1724972,['Computer Science']
f7e995c3cae465963ecaa8c9b4ce8b9b4323a71b,FINDINGS OF THE IWSLT 2023 EVALUATION CAMPAIGN,A. Waibel,1724972,['Computer Science']
10127fa44054eb985ede206113b96aac3a96fd80,The Inside Story: Towards Better Understanding of Machine Translation Neural Evaluation Metrics,A. Lavie,1784914,['Computer Science']
5579d38636b898c6a67ad67a16a80dd83be0f8d4,Towards Multilingual Automatic Dialogue Evaluation,A. Lavie,1784914,['Computer Science']
5c920b2326282d93ad2ac3d1cb8f746bd7ab6f50,Results of WMT23 Metrics Shared Task: Metrics Might Be Guilty but References Are Not Innocent,A. Lavie,1784914,['Computer Science']
9364720b2ab9ac67bc08e2b0b49aadded3d4e2e5,Appropriateness is all you need!,A. Lavie,1784914,['Computer Science']
9e8f125ef479af7e95ee5b8949b24e750c7df367,Towards Multilingual Automatic Open-Domain Dialogue Evaluation,A. Lavie,1784914,['Computer Science']
bcefc74b20649fd41ea05d87a3fa512d2559fc8d,Simple LLM Prompting is State-of-the-Art for Robust and Multilingual Dialogue Evaluation,A. Lavie,1784914,['Computer Science']
078f86c6a691806cc71bbef1e734f75690db0ffc,FREDOM: Fairness Domain Adaptation Approach to Semantic Scene Understanding,B. Raj,1681921,['Computer Science']
0a8d38686b18f28aae1222529e6b9e8a60cab1c2,UTOPIA: Unconstrained Tracking Objects without Preliminary Examination via Cross-Domain Adaptation,B. Raj,1681921,['Computer Science']
100da279ee981960884a12dfc5a0697c24ed315a,SoftMatch: Addressing the Quantity-Quality Trade-off in Semi-supervised Learning,B. Raj,1681921,['Computer Science']
11c50900f50036fb3247be7c83849a8774a4ba60,Fixed Inter-Neuron Covariability Induces Adversarial Robustness,B. Raj,1681921,['Computer Science']
22c9eb4868c5cabb26d132e0a160b9a093579f08,Understanding political polarization using language models: A dataset and method,B. Raj,1681921,['Computer Science']
35a8802facb4441787017ac5c630a8fa0f2413bd,"Prolonged school closure during the pandemic time in successive waves of COVID-19- vulnerability of children to sexual abuses – A case study in Tamil Nadu, India",B. Raj,1681921,['Medicine']
3bd320ddb25886417ae90011b00f13f5d558097b,BASS: Block-wise Adaptation for Speech Summarization,B. Raj,1681921,"['Computer Science', 'Engineering']"
4e6a004e4f9a3b489004a2efb5b25b0bcd0f48b5,Understanding Political Polarisation using Language Models: A dataset and method,B. Raj,1681921,['Computer Science']
593a603354c09d151440ae044de1d80324a2ab01,An Approach to Ontological Learning from Weak Labels,B. Raj,1681921,['Computer Science']
5a3307b2e64bbcaff1202e261b8a83f7d03418a8,Rethinking Voice-Face Correlation: A Geometry View,B. Raj,1681921,"['Computer Science', 'Engineering']"
611f9ee6eef0936462cd78f371798d0699951c59,Paaploss: A Phonetic-Aligned Acoustic Parameter Loss for Speech Enhancement,B. Raj,1681921,"['Computer Science', 'Engineering']"
7333be530df311b3148e9857ce9f481975cf0a9b,"Improving Perceptual Quality, Intelligibility, and Acoustics on VoIP Platforms",B. Raj,1681921,"['Computer Science', 'Engineering']"
740488982dee323d559f2dae70b1f4b3aa5f7171,Approach to Learning Generalized Audio Representation Through Batch Embedding Covariance Regularization and Constant-Q Transforms,B. Raj,1681921,"['Computer Science', 'Engineering']"
74664618ad3b44eb191ba96fdff5b93f27a29ced,Training on Foveated Images Improves Robustness to Adversarial Attacks,B. Raj,1681921,['Computer Science']
8665c864d71df1e918d2010778fc06712f4e5550,Imprecise Label Learning: A Unified Framework for Learning with Various Imprecise Label Configurations,B. Raj,1681921,['Computer Science']
a6e3a10a6286967413e3406374bbeea533640030,The Hidden Dance of Phonemes and Visage: Unveiling the Enigmatic Link between Phonemes and Facial Features,B. Raj,1681921,"['Computer Science', 'Engineering']"
ac856b6b7b3f32fb34320b7170526d3ab15ba5f3,Fairness Continual Learning Approach to Semantic Scene Understanding in Open-World Environments,B. Raj,1681921,['Computer Science']
dc157eba8bdb4cfe6ee65566d8295939ac5b4b37,PaintSeg: Training-free Segmentation via Painting,B. Raj,1681921,['Computer Science']
e146e5221c124d93f69516c5ae7e1b7b1822848e,TAPLoss: A Temporal Acoustic Parameter Loss for Speech Enhancement,B. Raj,1681921,"['Computer Science', 'Engineering']"
feecd2cfb7871a818ba514e8b4b3f9da482f17bc,Synergy between human and machine approaches to sound/scene recognition and processing: An overview of ICASSP special session,B. Raj,1681921,"['Computer Science', 'Engineering']"
02a626bd8538ecb675bd2bcd8f5985274e965d00,Assessment and Therapy Goal Planning Using Free Computerized Language Analysis Software.,B. MacWhinney,2414040,['Medicine']
0773228ecc4c1f2d729c0ae5764c77c1c9bb9573,Automation of Language Sample Analysis,B. MacWhinney,2414040,['Medicine']
283dbaa4da4beafa5e5719095bcc88e63d17815e,The role of novelty stimuli in second language acquisition: evidence from the optimized training by the Pinyin Tutor at TalkBank,B. MacWhinney,2414040,['Computer Science']
3859f18277f0c5876a53411b07f80d65254c52e5,Using diagnostic feedback to enhance the development of phonetic knowledge of an L2: a CALL design based on the unified competition model and the implementation with the Pinyin Tutor,B. MacWhinney,2414040,
4d35540aaf993c8fa7e1fa5fc6a990f1eb830263,A New Benchmark of Aphasia Speech Recognition and Detection Based on E-Branchformer and Multi-task Learning,B. MacWhinney,2414040,"['Engineering', 'Computer Science']"
52b48ab5d7d87642395818bea1ff804ff6dd0bd3,Collaborative Commentary for Understanding Communication Disorders.,B. MacWhinney,2414040,['Medicine']
cf152ac1b3c9daea5b48f858acc13193a83df185,Establishing the DementiaBank Delaware Corpus: An Online Multimedia Database for the Study of Language and Cognition in Dementia,B. MacWhinney,2414040,
d898963243ad4b177b799f197a7732395e165cf6,Evaluating Picture Description Speech for Dementia Detection using Image-text Alignment,B. MacWhinney,2414040,['Computer Science']
f1ebdd8c99aa33284e3604c28b72efa9dc46047c,Multilingual Alzheimer’s Dementia Recognition through Spontaneous Speech: A Signal Processing Grand Challenge,B. MacWhinney,2414040,"['Computer Science', 'Engineering']"
f7254ae607056ba5522c10dbcf21b394967b6d42,"DementiaBank: Theoretical Rationale, Protocol, and Illustrative Analyses",B. MacWhinney,2414040,['Medicine']
06dc7b3d8cbc40fb4e39b42de1bc664deaacca74,High school students’ data modeling practices and processes: from modeling unstructured data to evaluating automated decisions,C. Rosé,35959897,
0c0d8ea1c1745e7b56bc3b1513a715ae3df30c44,Linguistic representations for fewer-shot relation extraction across domains,C. Rosé,35959897,['Computer Science']
117e1323677cb5d78ece0fd07b5cfa81618f4866,Using counterfactual contrast to improve compositional generalization for multi-step quantitative reasoning,C. Rosé,35959897,['Computer Science']
15d85036b15388bcb0199c83c01ba833e6095a31,Towards Extracting and Understanding the Implicit Rubrics of Transformer Based Automatic Essay Scoring Models,C. Rosé,35959897,['Computer Science']
27ca2d927421035e10b48c96a96db32224f1f8e6,Exploring Artificial Intelligence in English Language Arts with StoryQ,C. Rosé,35959897,['Computer Science']
159100c8323fc558e4073a3a006f3f243aca3a60,Text Matching Improves Sequential Recommendation by Reducing Popularity Biases,Chenyan Xiong,144628574,['Computer Science']
275da3802142fc42f6fab2ce2104223b2e0ef40d,Fusion-in-T5: Unifying Document Ranking Signals for Improved Information Retrieval,Chenyan Xiong,144628574,['Computer Science']
cdfd0926ad26c3c95a02db2ae891b7d4a457429c,OpenMatch-v2: An All-in-one Multi-Modality PLM-based Information Retrieval Toolkit,Chenyan Xiong,144628574,['Computer Science']
105759bdb5e3bddc1d3244df2eff2d5c997a1d84,Improving Multitask Retrieval by Promoting Task Specialization,Chenyan Xiong,2139787803,['Computer Science']
1fe3a802efdc4f1a3e5c8187547f38a3ec65750b,Unsupervised Dense Retrieval Training with Web Anchors,Chenyan Xiong,2139787803,['Computer Science']
24811cadf16519910f643b6084107164e6ca4219,Augmentation-Adapted Retriever Improves Generalization of Language Models as Generic Plug-In,Chenyan Xiong,2139787803,['Computer Science']
38aaf8a29df6deeff0bf64cc835d242a25b10337,Model-Generated Pretraining Signals Improves Zero-Shot Generalization of Text-to-Text Transformers,Chenyan Xiong,2139787803,['Computer Science']
a57b90cfc2eab46b773e65240d4ff910f05f989e,Structure-Aware Language Model Pretraining Improves Dense Retrieval on Structured Data,Chenyan Xiong,2139787803,['Computer Science']
b9e8b62bcc019f47a0a015568f70039b3b7c1196,Toolink: Linking Toolkit Creation and Using through Chain-of-Solving on Open-Source Model,Chenyan Xiong,2139787803,['Computer Science']
e0401ca2d4fd6d0ed55130a4a24b33ed90111479,Augmenting Zero-Shot Dense Retrievers with Plug-in Mixture-of-Memories,Chenyan Xiong,2139787803,['Computer Science']
19f59c14b3d79e3203c696128a135d33eb35e468,Pragmatic Inference with a CLIP Listener for Contrastive Captioning,Daniel Fried,47070750,['Computer Science']
1bf21dabbdfc81fd4f9e92b1201ecce744cabb6a,SantaCoder: don't reach for the stars!,Daniel Fried,47070750,['Computer Science']
2b2d9ee18507aa89a7f1ecba0bf68844c7d9aa75,Grounding Language Models to Images for Multimodal Generation,Daniel Fried,47070750,['Computer Science']
3e4085e5869f1b7959707a1e1d7d273b6057eb4e,StarCoder: may the source be with you!,Daniel Fried,47070750,['Computer Science']
6fb5c0eff3696ef252aca9638e10176ecce7cecb,Generating Images with Multimodal Language Models,Daniel Fried,47070750,['Computer Science']
e41482f4ee984f17382f6cdd900df094d928be06,WebArena: A Realistic Web Environment for Building Autonomous Agents,Daniel Fried,47070750,['Computer Science']
03fb535de5cfcf435705a079334ac60f501226ab,Reverse-Engineering Decoding Strategies Given Blackbox Access to a Language Generation System,Daphne Ippolito,7975935,['Computer Science']
1567bcac0ab09269c9d0ff33c9a406132417fab9,"A Pretrainer's Guide to Training Data: Measuring the Effects of Data Age, Domain Coverage, Quality, & Toxicity",Daphne Ippolito,7975935,['Computer Science']
2e965b5d97c2d6fb4af284307735be39283792ba,Extracting Training Data from Diffusion Models,Daphne Ippolito,7975935,['Computer Science']
8724579d3f126e753a0451d98ff57b165f722e72,Are aligned neural networks adversarially aligned?,Daphne Ippolito,7975935,['Computer Science']
11a571eaab42a6ffb1d938635a093315e392756d,ChatGPT MT: Competitive for High- (but Not Low-) Resource Languages,David R. Mortensen,3407646,['Computer Science']
17fbffb05fa14e21d1c506fd5f0f568b955fe983,Do All Languages Cost the Same? Tokenization in the Era of Commercial Language Models,David R. Mortensen,3407646,['Computer Science']
659be1ff350634f50cc066d258ee6a45e697e552,SigMoreFun Submission to the SIGMORPHON Shared Task on Interlinear Glossing,David R. Mortensen,3407646,['Computer Science']
7a08051aac75a809737096e39820bf836908d4e1,Construction Grammar Provides Unique Insight into Neural Language Models,David R. Mortensen,3407646,['Computer Science']
bf42c0462d1415cdde877c90d58da11545407b8a,"Generalized Glossing Guidelines: An Explicit, Human- and Machine-Readable, Item-and-Process Convention for Morphological Annotation",David R. Mortensen,3407646,['Computer Science']
c5c6d006e399386c99068daba138021a62d6cc17,Transformed Protoform Reconstruction,David R. Mortensen,3407646,['Computer Science']
db14d05b18ec852f8afcd6d2d10bbd9eeaef8325,PWESuite: Phonetic Word Embeddings and Tasks They Facilitate,David R. Mortensen,3407646,['Computer Science']
1433b8d43d446fcc7f3e1370b22f744a4dd7c8e4,"To Build Our Future, We Must Know Our Past: Contextualizing Paradigm Shifts in Natural Language Processing",Emma Strubell,2268272,['Computer Science']
45e50baac4d341f0cf1a40af096bfa9c3f555235,Understanding the Effect of Model Compression on Social Bias in Large Language Models,Emma Strubell,2268272,['Computer Science']
667ba2e8f1933b6c32e9672012526904b4c5dc31,Surveying (Dis)Parities and Concerns of Compute Hungry NLP Research,Emma Strubell,2268272,['Computer Science']
71debf888acd57bb1baa4c146f31e58c66ea51af,On the Interactions of Structural Constraints and Data Resources for Structured Prediction,Emma Strubell,2268272,['Computer Science']
84d20ad9f42d80dfd5130a6362d5422be8a6bdc3,Efficiency Pentathlon: A Standardized Arena for Efficiency Evaluation,Emma Strubell,2268272,['Computer Science']
88549b4f48b9709acdfb8b9e41656b6d133c5390,Queer People are People First: Deconstructing Sexual Identity Stereotypes in Large Language Models,Emma Strubell,2268272,['Computer Science']
a815c3209e7baff4466dbf6e129129511f842b7e,Making Scalable Meta Learning Practical,Emma Strubell,2268272,['Computer Science']
b13da1161d65a8de7a96051b5bc68d5eaa8eb37b,Regularizing Self-training for Unsupervised Domain Adaptation via Structural Constraints,Emma Strubell,2268272,['Computer Science']
b777aa86b5a1d49ce8eababc5c2ee56d3562801e,The Framework Tax: Disparities Between Inference Efficiency in Research and Deployment,Emma Strubell,2268272,['Computer Science']
ba31ccac5fe5ea151727e8427e78bb300c35f899,Data-efficient Active Learning for Structured Prediction with Partial Annotation and Self-Training,Emma Strubell,2268272,['Computer Science']
0f008e07d601e8f21d1df5db3d36e85484840083,GameQA: Gamified Mobile App Platform for Building Multiple-Domain Question-Answering Datasets,Eric Nyberg,144287919,['Computer Science']
3a30217c4115777fb30c182c97cc77d34d065556,InPars-Light: Cost-Effective Unsupervised Training of Efficient Rankers,Eric Nyberg,144287919,['Computer Science']
444737639aeea4e1e616509e368afb0bae8f89d6,Language-Agnostic Transformers and Assessing ChatGPT-Based Query Rewriting for Multilingual Document-Grounded QA,Eric Nyberg,144287919,
61354e45bca908ad08f24e44bd507b4e1c958e6f,Chain-of-Skills: A Configurable Model for Open-Domain Question Answering,Eric Nyberg,144287919,['Computer Science']
075b751201f549daeba9840f78768f4ceb507e17,Identification of Nonlinear Latent Hierarchical Models,E. Xing,143977260,"['Computer Science', 'Mathematics']"
8cc1cd002bfc36a8cba8bcbe63d32eacc656097f,StyleRF: Zero-Shot 3D Style Transfer of Neural Radiance Fields,E. Xing,143977260,['Computer Science']
a0a79dad89857a96f8f71b14238e5237cbfc4787,Judging LLM-as-a-judge with MT-Bench and Chatbot Arena,E. Xing,143977260,['Computer Science']
dcb4f2b9b0e6da0d629878d1ad0469aee3df2020,Understanding Masked Autoencoders via Hierarchical Latent Variable Models,E. Xing,143977260,['Computer Science']
55704caaf3d31e1795a1ca0c3bed9e77ae3a3c95,Best-Case Retrieval Evaluation: Improving the Sensitivity of Reciprocal Rank with Lexicographic Precision,Fernando Diaz,145472333,['Computer Science']
567f6bc975deb3d728feec9bfcf7d4036ceabb12,Fairness Through Domain Awareness: Mitigating Popularity Bias For Music Discovery,Fernando Diaz,145472333,['Computer Science']
5e1ba2d4416333dd6f6a31a4ff4221b40dfb74b1,Overview of the TREC 2021 Fair Ranking Track,Fernando Diaz,145472333,['Computer Science']
03c7f61b0c6bc4c480ed6da4e9d7dda104ddfec3,Cross-Modal Fine-Tuning: Align then Refine,Graham Neubig,1700325,['Computer Science']
17605c43ca3eb982c99642052ddc21a93d116594,GlobalBench: A Benchmark for Global Progress in Natural Language Processing,Graham Neubig,1700325,['Computer Science']
1786a2f9140ed7211b21302977de64e948b92308,Learning Performance-Improving Code Edits,Graham Neubig,1700325,['Computer Science']
31366ff634fc905affd78dbd8ddc9a872c006a87,CodeBERTScore: Evaluating Code Generation with Pretrained Models of Code,Graham Neubig,1700325,['Computer Science']
405f1a5602867c66e015491c26d2be5504eed458,Neural Machine Translation for the Indigenous Languages of the Americas: An Introduction,Graham Neubig,1700325,"['Computer Science', 'Mathematics']"
43c0f77f116f986b53eb04f5c9b33f10132ded55,User-Centric Evaluation of OCR Systems for Kwak’wala,Graham Neubig,1700325,['Computer Science']
4d74a5048b884e8bb3842240abf98915c619c8f8,Multi-Dimensional Evaluation of Text Summarization with In-Context Learning,Graham Neubig,1700325,['Computer Science']
5ea8eedcb31859c5730dd1da3804e1be529ffabb,A Gold Standard Dataset for the Reviewer Assignment Problem,Graham Neubig,1700325,['Computer Science']
74b05bba46db21e589a2cc0f916f81069b0368ef,Bridging the Gap: A Survey on Integrating (Human) Feedback for Natural Language Generation,Graham Neubig,1700325,['Computer Science']
7a5b44ea10a51708e18786595c8d70b18950da11,FacTool: Factuality Detection in Generative AI - A Tool Augmented Framework for Multi-Task and Multi-Domain Scenarios,Graham Neubig,1700325,['Computer Science']
88884b8806262a4095036041e3567d450dba39f7,Active Retrieval Augmented Generation,Graham Neubig,1700325,['Computer Science']
8e8a1489bf4d782d2435cdeb93f7d1f165747c63,Large Language Models Enable Few-Shot Clustering,Graham Neubig,1700325,['Computer Science']
9bce3661f01825ad56dc9d2b3d254fd9e3792360,Solving NLP Problems through Human-System Collaboration: A Discussion-based Approach,Graham Neubig,1700325,['Computer Science']
b4987da792dd45a84232cfb06d71b1c2ec488f38,Crossing the Threshold: Idiomatic Machine Translation through Retrieval Augmentation and Loss Weighting,Graham Neubig,1700325,['Computer Science']
c432aff446d55e72a28394a1508e760cc9a25c08,Why do Nearest Neighbor Language Models Work?,Graham Neubig,1700325,['Computer Science']
c5207241406586f4263b235667e004b71ea68953,Syntax and Semantics Meet in the “Middle”: Probing the Syntax-Semantics Interface of LMs Through Agentivity,Graham Neubig,1700325,['Computer Science']
cc1705fe421c70d85254b557634bd4669fdd49b0,DataFinder: Scientific Dataset Recommendation from Natural Language Descriptions,Graham Neubig,1700325,['Computer Science']
d5dd7230cccace7e77095d3b5fd8394850f59170,Multi-lingual and Multi-cultural Figurative Language Understanding,Graham Neubig,1700325,['Computer Science']
d6ae4c0679bdceb029f652efd2a854ac5ade772f,It’s MBR All the Way Down: Modern Generation Techniques Through the Lens of Minimum Bayes Risk,Graham Neubig,1700325,['Computer Science']
dbc368bc8b49347dd27679894524fa62f88492c9,Unlimiformer: Long-Range Transformers with Unlimited Length Input,Graham Neubig,1700325,['Computer Science']
e69684fb06a7b1fe621d7ef0c97fc2ca0e122c43,Prompt2Model: Generating Deployable Models from Natural Language Instructions,Graham Neubig,1700325,['Computer Science']
e7b3b692b0816821aafc0d354749bc3802cbf6ac,Computational Language Acquisition with Theory of Mind,Graham Neubig,1700325,['Computer Science']
f640e89fcede075b4bde3b2fa0dc78f591589ba3,Improving Factuality of Abstractive Summarization via Contrastive Reward Learning,Graham Neubig,1700325,['Computer Science']
fd80f7f3673fc6ca02f192d5d73426f11a4be659,The Devil Is in the Errors: Leveraging Large Language Models for Fine-grained Machine Translation Evaluation,Graham Neubig,1700325,['Computer Science']
197d5fbc3764ff18186275545d0764d5b1c7659b,Conversational Search with Random Walks over Entity Graphs,Jamie Callan,144987107,['Computer Science']
1e0a4ff0c5d2d850ff5907e310ffcedc9cad9718,KALE: Using a K-Sparse Projector for Lexical Expansion,Jamie Callan,144987107,['Computer Science']
6b7eefa15c0a461afeab4fa13cf862c5340fdc2a,CSurF: Sparse Lexical Retrieval through Contextualized Surface Forms,Jamie Callan,144987107,['Computer Science']
ac9ee72a5cd611e9143e385f668af662583721ee,Multi-Objective Improvement of Android Applications,Jamie Callan,144987107,['Computer Science']
0e84679cf0945a2868245ba2be68c90453e48f2e,Screen Correspondence: Mapping Interchangeable Elements between UIs,Jeffrey P. Bigham,1744846,['Computer Science']
3f261fb980858e39129af5bc8a6c8565d7bb8329,Exploring Stigmergic Collaboration and Task Modularity Through an Expert Crowdsourcing Annotation System: The Case of Storm Phenomena in the Euro-Atlantic Region,Jeffrey P. Bigham,1744846,['Computer Science']
7ee7d32c3e7f01f49c40e5ba7e0b4d5e9ea040c9,Nonverbal Communication through Expressive Objects,Jeffrey P. Bigham,1744846,['Computer Science']
8ab27849799286459465d2262f926354093b20a9,USB: A Unified Summarization Benchmark Across Tasks and Domains,Jeffrey P. Bigham,1744846,['Computer Science']
98abc6de98a24d599cf009a9670eaa5c97cba9bb,WebUI: A Dataset for Enhancing Visual UI Understanding with Web Semantics,Jeffrey P. Bigham,1744846,['Computer Science']
c84f0a204827065338c412ace037952900a1a279,Never-ending Learning of User Interfaces,Jeffrey P. Bigham,1744846,['Computer Science']
d757a58200254625c3326a32a1da6fa8eaa2eff3,Latent Phrase Matching for Dysarthric Speech,Jeffrey P. Bigham,1744846,"['Computer Science', 'Engineering']"
f29922cbfaf825d5e1d4986dc01bda74b4d88e04,From User Perceptions to Technical Improvement: Enabling People Who Stutter to Better Use Speech Recognition,Jeffrey P. Bigham,1744846,['Computer Science']
24bff26f19051b1413d1e343322c1ae4bba05428,When to generate hedges in peer-tutoring interactions,Justine Cassell,145431806,['Computer Science']
74fedee9d809ec766a2089a89435fa7dd1346693,How About Kind of Generating Hedges using End-to-End Neural Models?,Justine Cassell,145431806,['Computer Science']
b3efaa75beada858414a5ba2346dec317203633c,"""You might think about slightly revising the title”: Identifying Hedges in Peer-tutoring Interactions",Justine Cassell,145431806,['Computer Science']
145c90515c04f40c4e88a177adeb4fcd6c1009b0,Co-benefits of carbon neutrality in enhancing and stabilizing solar and wind energy,Lei Li,143900005,
17b16a2b31797a8fd4bcd5fd952294357db39b25,A Reverse-Biased Voltage Controlling Method for Mitigating Arm Overcurrent and Submodule Overvoltage in Hybrid MMCs During DC Faults,Lei Li,143900005,
2c331e93a1648ab6492787bb81287b9c8100d9f3,"Impacts of Aerosol Chemical Composition on Cloud Condensation Nuclei (CCN) Activity during Wintertime in Beijing, China",Lei Li,143900005,['Computer Science']
71f6931c4a5f7dda0382090a2c01bd5bff27d31e,Quantitative Analysis of Natural Gas Diffusion Characteristics in Tight Oil Reservoirs Based on Experimental and Numerical Simulation Methods,Lei Li,143900005,['Medicine']
a84e98cb2d0a3624523f15eaa10c6321704526ab,Quantitative Evaluation of Dust and Black Carbon Column Concentration in the MERRA-2 Reanalysis Dataset Using Satellite-Based Component Retrievals,Lei Li,143900005,['Computer Science']
bdbf385090f6c988c419c9db1673a2c03c94b7a1,"Seasonal and Diurnal Characteristics of the Vertical Profile of Aerosol Optical Properties in Urban Beijing, 2017-2021",Lei Li,143900005,['Computer Science']
c8b27d092e0f9e286bb354bb892984a30126c702,PlayGround Low Resource Machine Translation System for the 2023 AmericasNLP Shared Task,Lei Li,143900005,
dfd8944d39b378489b878d6e105d040fa0e524db,Multilingual Machine Translation with Large Language Models: Empirical Results and Analysis,Lei Li,143900005,['Computer Science']
2cdc646a6b70418e7cbd7fbdb8bb113176c4659f,Somatosensory and motor representations following bilateral transplants of the hands: A 6-year longitudinal case report on the first pediatric bilateral hand transplant patient,Lori S. Levin,1686960,['Medicine']
2f540bab03c2672715539ecf17ff4872ea521605,Identifying Health-Related Quality of Life Domains after Upper Extremity Transplantation.,Lori S. Levin,1686960,['Medicine']
52a97ad16605c18e23c9750a388a26a9cdf12200,Assessment of quality of life after upper extremity transplantation: Framework for patient-reported outcome scale domains,Lori S. Levin,1686960,['Medicine']
0a425c0d87c674b142104a07e17c5084b3ad28ca,Quantifying & Modeling Feature Interactions: An Information Decomposition Framework,Louis-Philippe Morency,49933077,['Computer Science']
114eafdb14145f002d503f259d768d67dae87479,Reconstructing the neurodynamics of face perception during real world vision in humans using intracranial EEG recordings,Louis-Philippe Morency,49933077,
40fb36ee67fdde99b196b4d1772de114aa821698,MultiZoo & MultiBench: A Standardized Toolkit for Multimodal Deep Learning,Louis-Philippe Morency,49933077,['Computer Science']
47a4ac301820c3ea7da4efb8e2466cc6468ad631,SenteCon: Leveraging Lexicons to Learn Human-Interpretable Language Representations,Louis-Philippe Morency,49933077,['Computer Science']
64703e760f662b1c0f647931bb63fe57e5ba91e4,Neural Mixed Effects for Nonlinear Personalized Predictions,Louis-Philippe Morency,49933077,['Computer Science']
6838c43e702a3f995967ba2e3edd5f65ff5f5511,SHAP-based Prediction of Mother's History of Depression to Understand the Influence on Child Behavior,Louis-Philippe Morency,49933077,['Computer Science']
7dab13685363176edc5cc7882d0890811d2cb584,Counterfactual Augmentation for Multimodal Learning Under Presentation Bias,Louis-Philippe Morency,49933077,['Computer Science']
8d0c37eee7162f33178979b4183f0211e2dcae0d,Difference-Masking: Choosing What to Mask in Continued Pretraining,Louis-Philippe Morency,49933077,['Computer Science']
8d53c510928ad1164aebea4d9477812ed1893be2,Expanding the Role of Affective Phenomena in Multimodal Interaction Research,Louis-Philippe Morency,49933077,['Computer Science']
90b09bdb1bd78875ee8d8d324a568a36955e4765,Multimodal Fusion Interactions: A Study of Human and Automatic Quantification,Louis-Philippe Morency,49933077,['Computer Science']
a988c09b7e76e86a93edcbf3f284dd028b0fb406,Multimodal Learning Without Labeled Multimodal Data: Guarantees and Applications,Louis-Philippe Morency,49933077,"['Computer Science', 'Mathematics']"
bd94ea913fcf8698f2257f87a17755b46a420458,Representation Learning for Interpersonal and Multimodal Behavior Dynamics: A Multiview Extension of Latent Change Score Models,Louis-Philippe Morency,49933077,['Computer Science']
d01cc51c0d06583b809833a5f7ce71101d278528,MultiViz: Towards User-Centric Visualizations and Interpretations of Multimodal Models,Louis-Philippe Morency,49933077,['Computer Science']
e1b2a35a000ca296c32284b323c7e36a28fe0693,Factorized Contrastive Learning: Going Beyond Multi-view Redundancy,Louis-Philippe Morency,49933077,['Computer Science']
f891e9eeedbf20cdc54429ffcc0402a10f48494e,Language Models Get a Gender Makeover: Mitigating Gender Bias with Few-Shot Data Interventions,Louis-Philippe Morency,49933077,['Computer Science']
2a3213cb3c755f036d5dfec7261d726a819c78c1,Muse: Text-To-Image Generation via Masked Generative Transformers,Lu Jiang,39978626,['Computer Science']
861370f7c2d18bed09905fde334a19cc96e83e14,StyleDrop: Text-to-Image Generation in Any Style,Lu Jiang,39978626,['Computer Science']
8670133f0839a83c47c5bd2a506d0254d73f1a2c,Learning Disentangled Prompts for Compositional Image Synthesis,Lu Jiang,39978626,['Computer Science']
985f0c89c5a607742ec43c1fdc2cbfe54541cbad,Language Model Beats Diffusion - Tokenizer is Key to Visual Generation,Lu Jiang,39978626,['Computer Science']
c5202ab27294d5c1eb4d2f0ca7e82afef91888f0,VideoGLUE: Video General Understanding Evaluation of Foundation Models,Lu Jiang,39978626,['Computer Science']
14ddefae2be4b5bb50b9fcb4a085e45fbecb5c5c,Modeling Empathic Similarity in Personal Narratives,Maarten Sap,2729164,['Computer Science']
185ace5661963e2e1eb998e739e4110272a6bb43,COBRA Frames: Contextual Reasoning about Effects and Harms of Offensive Statements,Maarten Sap,2729164,['Computer Science']
27553f8bd9cbee90f6e65b9cdecadff0e7cc55ee,Riveter: Measuring Power and Social Dynamics Between Entities,Maarten Sap,2729164,['Computer Science']
57d65e85c62aef04dfb2a48380e415fbb790e5ee,Don't Take This Out of Context!: On the Need for Contextual Models and Evaluations for Stylistic Rewriting,Maarten Sap,2729164,['Computer Science']
85a5ffc509fa50c96b415e09ae87fb6e5f435b37,"BiasX: ""Thinking Slow"" in Toxic Content Moderation with Explanations of Implied Social Biases",Maarten Sap,2729164,['Computer Science']
9d2dc57903e99f33b9cf727c3903718751d82663,Improving Language Models with Advantage-based Offline Policy Gradients,Maarten Sap,2729164,['Computer Science']
a5731b32060909bfc8848fa5f7e1e14ca3b53240,From Dogwhistles to Bullhorns: Unveiling Coded Rhetoric with Language Models,Maarten Sap,2729164,['Computer Science']
a66ff335f5934fe7503a99d3eb3abed493994df1,NLPositionality: Characterizing Design Biases of Datasets and Models,Maarten Sap,2729164,['Computer Science']
a89c30ceca55783a1b2ff843eb6a4793e4a54b66,Don't Take This Out of Context! On the Need for Contextual Models and Evaluations for Stylistic Rewriting,Maarten Sap,2729164,['Computer Science']
c2850c897a179c07a25023029306600e0ea82f75,Queer In AI: A Case Study in Community-Led Participatory AI,Maarten Sap,2729164,['Computer Science']
d655f652d02251b45db43181c5e3c73dfc59cd51,"Value Kaleidoscope: Engaging AI with Pluralistic Human Values, Rights, and Duties",Maarten Sap,2729164,['Computer Science']
ddcd2bcc809bd0c2755a4a9487473d61ac327c50,Clever Hans or Neural Theory of Mind? Stress Testing Social Reasoning in Large Language Models,Maarten Sap,2729164,['Computer Science']
ea0585ed23e25d5f8682eb91f20c6ddbeb6a27b4,Towards Countering Essentialism through Social Bias Reasoning,Maarten Sap,2729164,['Computer Science']
bc603b3878dd8638254f3746b892100cad687ea5,Pathogenic mechanisms underlying adverse neurodevelopmental outcome in congenital heart disease,M. Ganapathiraju,32747279,['Biology']
de52a2f746c5cf145ee2af3a978ee1942eec1a57,"Editorial: Systems biology, women in science 2021/22: translational systems biology and in silico trials",M. Ganapathiraju,32747279,
2386c6a7c40b5129960f2eb3c6be27db65b04c1f,Learning to Generate Equitable Text in Dialogue from Biased Training Data,Malihe Alikhani,2715920,['Computer Science']
2605bc92935ca67829e9542030be0e44ae81c22e,Learning Multimodal Cues of Children’s Uncertainty,Malihe Alikhani,2715920,['Computer Science']
604cc00ff6a4d57d97856b49be4df89452cf30a8,Findings of the Second WMT Shared Task on Sign Language Translation (WMT-SLT23),Malihe Alikhani,2715920,['Computer Science']
78ee30f94bfa9c08306cd2f5bf92e98240aa692d,Multilingual Content Moderation: A Case Study on Reddit,Malihe Alikhani,2715920,['Computer Science']
e2be92ff1ae2abdc05c1929d6d02623c58f37097,Image–text coherence and its implications for multimodal AI,Malihe Alikhani,2715920,['Medicine']
ee866d0dd47351542e4924f14203a767dd03194a,A corpus of Persian literary text,Malihe Alikhani,2715920,
f19180afd6cae7c241fa461eed122e4c04a14217,D-CALM: A Dynamic Clustering-based Active Learning Approach for Mitigating Bias,Malihe Alikhani,2715920,['Computer Science']
e80f1b4c254a5c135f5f3416ba3a863f8ec4e06c,MDACE: MIMIC Documents Annotated with Code Evidence,Matthew R. Gormley,1762110,['Computer Science']
ebb3d299213bae89b5d302cc3dfc36573ec83956,SummQA at MEDIQA-Chat 2023: In-Context Learning with GPT-4 for Medical Summarization,Matthew R. Gormley,1762110,['Computer Science']
1109a51ff68d8c7a09d651d706028e9e380f2af8,Joint Span Segmentation and Rhetorical Role Labeling with Data Augmentation for Legal Documents,Matthias Grabmair,2869551,['Computer Science']
5315883bd39a4e4af6332e344bb32d29613b3c97,Zero-shot Transfer of Article-aware Legal Outcome Classification for European Court of Human Rights Cases,Matthias Grabmair,2869551,['Computer Science']
ff28f812113a7082f7d285ed3bf6dcbed49d0320,Leveraging Task Dependency and Contrastive Learning for Case Outcome Classification on European Court of Human Rights Cases,Matthias Grabmair,2869551,['Computer Science']
0a94fbb5e1c93513523f00e75d672ef4553861f9,Can Large Language Models Infer Causation from Correlation?,Mona T. Diab,2138579860,['Computer Science']
4286d07449447f3bfffc1eeb2ee0de9b00dfadfd,ALERT: Adapt Language Models to Reasoning Tasks,Mona T. Diab,2138579860,['Computer Science']
5e2f8088647e357bb6440d271ed1fcc4d5ed7e7c,Care4Lang at MEDIQA-Chat 2023: Fine-tuning Language Models for Classifying and Summarizing Clinical Dialogues,Mona T. Diab,2138579860,['Computer Science']
99bfe503743c5ec8e16e50ab8438159cdb533a89,"The Troubling Emergence of Hallucination in Large Language Models - An Extensive Definition, Quantification, and Prescriptive Remediations",Mona T. Diab,2138579860,['Computer Science']
c218cd1772999517b137bbbc9872c4f67e540b7f,OPT-R: Exploring the Role of Explanations in Finetuning and Prompting for Reasoning Skills of Large Language Models,Mona T. Diab,2138579860,['Computer Science']
f727f928e7e179307d8d4a1da2387393f2bd7915,"Methods for Measuring, Updating, and Visualizing Factual Beliefs in Language Models",Mona T. Diab,2138579860,['Computer Science']
45f7ab2dd1bd86703f3fc0f713d35851ae15b038,Author Correction: Arabic natural language processing for Qur’anic research: a systematic review,Mona T. Diab,1700007,['Computer Science']
c5849f406e8263806a84e1a407ec0e0fe131bd5c,Evaluating Multilingual Speech Translation under Realistic Conditions with Resegmentation and Terminology,Mona T. Diab,1700007,['Computer Science']
3c6d1884d5f15577b76356a3f1e7da6ffba6e2bd,Do Privacy Labels Answer Users' Privacy Questions?,N. Sadeh,2464164,
3f165dae2310a5d8aa7294ffdc45573a51c957b8,Exploring Smart Commercial Building Occupants’ Perceptions and Notification Preferences of Internet of Things Data Collection in the United States,N. Sadeh,2464164,['Computer Science']
88efd1663016c4170674c8f30067e7096b172598,Comparing Privacy Label Disclosures of Apps Published in both the App Store and Google Play Stores,N. Sadeh,2464164,['Computer Science']
d07e77f0477c3568d64086ef4d50ea1fcff63b8c,ATLAS: Automatically Detecting Discrepancies Between Privacy Policies and Privacy Labels,N. Sadeh,2464164,['Computer Science']
8b49ebfc2b436c8b064ecf5b1eb3c5a12fc8d4b8,Unsupervised Voice Type Discrimination Score Adaptation Using X-Vector Clusters,R. Stern,1697819,['Computer Science']
63a4150c9ad87c003de43b32828c8ceec6bb4468,A Gene-Based Algorithm for Identifying Factors That May Affect a Speaker’s Voice,Rita Singh,153915824,"['Medicine', 'Computer Science']"
721b39472c801124b5e3102edffe9d6f0754e1c2,Deriving Vocal Fold Oscillation Information from Recorded Voice Signals Using Models of Phonation,Rita Singh,153915824,"['Computer Science', 'Medicine']"
ad22af138fa1d1490cda0301abf8159a7c30c5a2,Pengi: An Audio Language Model for Audio Tasks,Rita Singh,153915824,"['Engineering', 'Computer Science']"
11b798422679ebd291e0eb62d97aace5cc0bd290,Evaluation of FluSight influenza forecasting in the 2021–22 and 2022–23 seasons with a new target laboratory-confirmed influenza hospitalizations,Roni Rosenfeld,88507334,['Medicine']
61c7e06e7d6760ecf2f5d20f86711287d131d8ea,Computationally Assisted Quality Control for Public Health Data Streams,Roni Rosenfeld,88507334,['Computer Science']
d486295e298f682b2f98e21106af659d88d396a5,Correcting for heterogeneity in real-time epidemiological indicators,Roni Rosenfeld,88507334,['Computer Science']
13922d438c437cea443b6c4747c54a29a8bdd742,Score: A Rule Engine for the Scone Knowledge Base System,S. Fahlman,1758714,['Computer Science']
3aaf6a2cbad5850ad81ab5c163599cb3d523436f,Self-Refine: Iterative Refinement with Self-Feedback,S. Welleck,2129663,['Computer Science']
ca991e0283a1c30a46eb585d9eb499fc0ec8ecc2,Inference-Time Policy Adapters (IPA): Tailoring Extreme-Scale LMs without Fine-tuning,S. Welleck,2129663,['Computer Science']
00542e510058b11d1faf612de9b45fa0d4d3f4e5,Saturation time of exposure interval for cross-neutralization response to SARS-CoV-2: Implications for vaccine dose interval,Shinji Watanabe,1746678,['Medicine']
01a819f7155bb87c32f1e4c13d9439c080e6aa97,Joint Prediction and Denoising for Large-Scale Multilingual Self-Supervised Learning,Shinji Watanabe,1746678,"['Computer Science', 'Engineering']"
0534fd0ed04acaa60f820b730bf3c4816767fa43,Tensor decomposition for minimization of E2E SLU model toward on-device processing,Shinji Watanabe,1746678,['Engineering']
06353e1b7e7c8dc701ac76dcd4db5061b24468c9,Decoder-only Architecture for Speech Recognition with CTC Prompts and Text Data Augmentation,Shinji Watanabe,1746678,"['Computer Science', 'Engineering']"
090b284b2f8fc93ac3e7a92fc9f91bf4965ba75c,ML-SUPERB: Multilingual Speech Universal PERformance Benchmark,Shinji Watanabe,1746678,"['Computer Science', 'Engineering']"
1028bf42a4c792acefd3be9da45e58f2b1620fe3,Structured Pruning of Self-Supervised Pre-Trained Models for Speech Recognition and Understanding,Shinji Watanabe,1746678,"['Computer Science', 'Engineering']"
10e8dc07ea256c6a88d7043cf135417402ed38f4,Prompting the Hidden Talent of Web-Scale Speech Models for Zero-Shot Task Generalization,Shinji Watanabe,1746678,"['Computer Science', 'Engineering']"
14f5fd91d75bc10d9fff53dfe7ee73484fc4273b,"A Comparative Study on E-Branchformer vs Conformer in Speech Recognition, Translation, and Understanding Tasks",Shinji Watanabe,1746678,"['Computer Science', 'Engineering']"
16fbcf340648b302ad8d4e6ed34c7ab5ad346db9,Efficient Sequence Transduction by Jointly Predicting Tokens and Durations,Shinji Watanabe,1746678,"['Engineering', 'Computer Science']"
2567a34501c1b258c102a07e737b87e556af0809,Speech Summarization of Long Spoken Document: Improving Memory Efficiency of Speech/Text Encoders,Shinji Watanabe,1746678,['Computer Science']
25c399a231364f4a77d1dc4b59927585e63f5f11,UNSSOR: Unsupervised Neural Speech Separation by Leveraging Over-determined Training Mixtures,Shinji Watanabe,1746678,"['Computer Science', 'Engineering']"
331af9b7193e563b021e8e6892e7cb3030decd38,Segment-Level Vectorized Beam Search Based on Partially Autoregressive Inference,Shinji Watanabe,1746678,"['Computer Science', 'Engineering']"
3b93dd5f2d2512a4b58f6c776af59f74a90764a5,Unsupervised Data Selection for TTS: Using Arabic Broadcast News as a Case Study,Shinji Watanabe,1746678,"['Computer Science', 'Engineering']"
48c6318dbcf9908cabe0023b8817566f34d0b466,I3D: Transformer Architectures with Input-Dependent Dynamic Depth for Speech Recognition,Shinji Watanabe,1746678,"['Computer Science', 'Engineering']"
52d2c8d36c4ace01d8c440a44e1a7fdea04ec482,Antiviral Susceptibilities of Distinct Lineages of Influenza C and D Viruses,Shinji Watanabe,1746678,['Medicine']
6c33625c7b0ffc37955921a145531d9d4eaee713,Exploring the Integration of Speech Separation and Recognition with Self-Supervised Learning Representation,Shinji Watanabe,1746678,"['Computer Science', 'Engineering']"
786294f4008732a5dac9895a8507bc4c80450075,"Dynamic-SUPERB: Towards A Dynamic, Collaborative, and Comprehensive Instruction-Tuning Benchmark for Speech",Shinji Watanabe,1746678,"['Engineering', 'Computer Science']"
7d4ad68dedff8c81e0fd9c08ea76b220a7e05d69,Speaker-Independent Acoustic-to-Articulatory Speech Inversion,Shinji Watanabe,1746678,"['Computer Science', 'Engineering']"
7f995454efda9f660d2258f59f6e19a2125e688e,Towards Practical and Efficient Image-to-Speech Captioning with Vision-Language Pre-training and Multi-modal Tokens,Shinji Watanabe,1746678,"['Computer Science', 'Engineering']"
8402d64fde12cafaf8a1daa60de0acd1abedbffb,Enhancing Speech-To-Speech Translation with Multiple TTS Targets,Shinji Watanabe,1746678,"['Computer Science', 'Engineering']"
8bc617c9139648d7a92991d70c671230bac7b2e2,"AudioGPT: Understanding and Generating Speech, Music, Sound, and Talking Head",Shinji Watanabe,1746678,"['Computer Science', 'Engineering']"
8f0a24d1678e4d0e584b0932196cd257d5c53c7d,"Improving Audio Captioning Models with Fine-grained Audio Features, Text Embedding Supervision, and LLM Mix-up Augmentation",Shinji Watanabe,1746678,"['Computer Science', 'Engineering']"
91a06713cbccbfb1b5e1b9f7b62a1fba348616c3,Voxtlm: unified decoder-only models for consolidating speech recognition/synthesis and speech/text continuation tasks,Shinji Watanabe,1746678,"['Engineering', 'Computer Science']"
95aac8fe824bd0c83de594af0bf9d259e2416f53,Learning to Speak from Text: Zero-Shot Multilingual Text-to-Speech with Unsupervised Text Pretraining,Shinji Watanabe,1746678,"['Computer Science', 'Engineering']"
9cbd933c04218c9b642c15a49f8470d54524d9fb,FNeural Speech Enhancement with Very Low Algorithmic Latency and Complexity via Integrated full- and sub-band Modeling,Shinji Watanabe,1746678,"['Engineering', 'Computer Science']"
9dcfb422f6057725b1585caf820e128c91d6dbb3,Improving Massively Multilingual ASR with Auxiliary CTC Objectives,Shinji Watanabe,1746678,"['Computer Science', 'Engineering']"
a5ab124e57d1f26436821588aacd7d75b831259c,Toward Universal Speech Enhancement For Diverse Input Conditions,Shinji Watanabe,1746678,"['Computer Science', 'Engineering']"
b4855ff933fb80846638469a1b43c1766df85d78,The Pipeline System of ASR and NLU with MLM-based data Augmentation Toward Stop Low-Resource Challenge,Shinji Watanabe,1746678,"['Computer Science', 'Engineering']"
b524ec331cd9708b125fad70d95d36189fa0d7b6,A Study on the Integration of Pipeline and E2E SLU Systems for Spoken Semantic Parsing Toward Stop Quality Challenge,Shinji Watanabe,1746678,"['Computer Science', 'Engineering']"
b88a84fb2d35eecb5149caa3d0596942ae0a5a54,"A community cluster of influenza A(H3N2) virus infection with reduced susceptibility to baloxavir due to a PA E199G substitution in Japan, February to March 2023",Shinji Watanabe,1746678,['Medicine']
bb4c59fc93d5be6b3d85dfde9d08e3dab80db9b7,"Exploring Speech Recognition, Translation, and Understanding with Discrete Speech Units: A Comparative Study",Shinji Watanabe,1746678,"['Computer Science', 'Engineering']"
bc3690edd40cc9946f8162727b357b926d1127bc,Joint Modelling of Spoken Language Understanding Tasks with Integrated Dialog History,Shinji Watanabe,1746678,"['Computer Science', 'Engineering']"
c2745e86ecc9bec372690cced53ccfdf44f407f8,Enhancing End-to-End Conversational Speech Translation Through Target Language Context Utilization,Shinji Watanabe,1746678,"['Computer Science', 'Engineering']"
c6f5da5eb57457457a49256f1434bf1db23d1898,Challenges of Corporate Alliance CLOMA toward Plastic Litter,Shinji Watanabe,1746678,
c823c04a6488673f936d72906130f170017288d0,The Multimodal Information Based Speech Processing (MISP) 2023 Challenge: Audio-Visual Target Speaker Extraction,Shinji Watanabe,1746678,"['Engineering', 'Computer Science']"
d43338451cd8676548811e1ff8f9c92ea987c5bd,Reproducing Whisper-Style Training Using An Open-Source Toolkit And Publicly Available Data,Shinji Watanabe,1746678,"['Computer Science', 'Engineering']"
d4d5fe4a35e9de845877015075f727415e83d18f,The CHiME-7 DASR Challenge: Distant Meeting Transcription with Multiple Devices in Diverse Scenarios,Shinji Watanabe,1746678,"['Engineering', 'Computer Science']"
d8728d62b238b09630309c1df723036db84bac10,Cross-Modal Multi-Tasking for Speech-to-Text Translation via Hard Parameter Sharing,Shinji Watanabe,1746678,"['Computer Science', 'Engineering']"
dab8e7dc79085774eea58bcb9ea2ed0ee20377eb,ESPnet-ST-v2: Multipurpose Spoken Language Translation Toolkit,Shinji Watanabe,1746678,"['Computer Science', 'Engineering']"
dd5d797b837005fac464bb19b9396bddba61c0d8,Multi-Channel Target Speaker Extraction with Refinement: The WavLab Submission to the Second Clarity Enhancement Challenge,Shinji Watanabe,1746678,"['Engineering', 'Computer Science']"
debb65ab30ceef2faef0e4af560a67f2abd03d14,Fully Unsupervised Topic Clustering of Unlabelled Spoken Audio Using Self-Supervised Representation Learning and Topic Model,Shinji Watanabe,1746678,['Computer Science']
e25f6a60211aa74ecfde8001a5939ff206102de4,End-to-End Speech Recognition: A Survey,Shinji Watanabe,1746678,"['Computer Science', 'Engineering']"
e2826002978af39afce7529f172ffdc222342651,The Multimodal Information Based Speech Processing (Misp) 2022 Challenge: Audio-Visual Diarization And Recognition,Shinji Watanabe,1746678,['Computer Science']
e4f2d75856ce149b994f079ae50fd33ca47245d3,DPHuBERT: Joint Distillation and Pruning of Self-Supervised Speech Models,Shinji Watanabe,1746678,"['Computer Science', 'Engineering']"
e64d4b29a4a6ccac3673b4cedbefa1e54e774c20,An external quality assessment feasibility study; cross laboratory comparison of haemagglutination inhibition assay and microneutralization assay performance for seasonal influenza serology testing: A FLUCOP study,Shinji Watanabe,1746678,['Medicine']
ebb75ff5b5e55ba15e4239ed0ffa6ff2ad00b721,Multi-Channel Speaker Extraction with Adversarial Training: The Wavlab Submission to The Clarity ICASSP 2023 Grand Challenge,Shinji Watanabe,1746678,['Computer Science']
ef567580e167c3e7c546345df93d644be5d4f66f,AV-SUPERB: A Multi-Task Evaluation Benchmark for Audio-Visual Representation Models,Shinji Watanabe,1746678,"['Engineering', 'Computer Science']"
ef8b095292a8e38e9b8f56c54cbf3c67c3ed425d,Improving Cascaded Unsupervised Speech Translation with Denoising Back-translation,Shinji Watanabe,1746678,"['Computer Science', 'Engineering']"
f53b6f5a85f2d74deb32022795b5dab0aa753cf4,Deep Speech Synthesis from MRI-Based Articulatory Representations,Shinji Watanabe,1746678,['Engineering']
fa5ebb425c57f6c4f1c36a7200ef1da867346e8c,Speech collage: code-switched audio generation by collaging monolingual corpora,Shinji Watanabe,1746678,"['Computer Science', 'Engineering']"
fa75ef55e04e3b25b8af56435478c2fd17403ce8,Exploration on HuBERT with Multiple Resolutions,Shinji Watanabe,1746678,"['Computer Science', 'Engineering']"
1527d3b661154ff7310fa2759b6dd0ddfd559492,Smaller Language Models are Better Black-box Machine-Generated Text Detectors,Taylor Berg-Kirkpatrick,1400419309,['Computer Science']
15b08595533bfc640f4dd470ca7a2273badec20a,Towards Improving Harmonic Sensitivity and Prediction Stability for Singing Melody Extraction,Taylor Berg-Kirkpatrick,1400419309,"['Computer Science', 'Engineering']"
1f1a09e59dbd178aa0988ea8f96e780e36923c8a,Jointly modeling products and resource pages for task-oriented recommendation,Taylor Berg-Kirkpatrick,1400419309,['Computer Science']
464edfd902f652d3ab6a25dbb6d9fa47cc3246a9,MusicLDM: Enhancing Novelty in Text-to-Music Generation Using Beat-Synchronous Mixup Strategies,Taylor Berg-Kirkpatrick,1400419309,"['Computer Science', 'Engineering']"
55324ec5662bbea2e226ce3d8e6258a62836e940,Universal Source Separation with Weakly Labelled Data,Taylor Berg-Kirkpatrick,1400419309,"['Computer Science', 'Engineering']"
924036c17537adc8574a1476bf13d9d17a6eebae,ClimaBench: A Benchmark Dataset For Climate Change Text Understanding in English,Taylor Berg-Kirkpatrick,1400419309,['Computer Science']
c70c11d6de5eec2677eaa87fd3112068db6fedfe,CLIPSonic: Text-to-Audio Synthesis with Unlabeled Videos and Pretrained Language-Vision Models,Taylor Berg-Kirkpatrick,1400419309,"['Computer Science', 'Engineering']"
cb754310302086dfbbcd098263200e2a03f65874,Membership Inference Attacks against Language Models via Neighbourhood Comparison,Taylor Berg-Kirkpatrick,1400419309,['Computer Science']
d9dc309f719233be9f2a6b6910072e537f96eec8,Contrastive Attention Networks for Attribution of Early Modern Print,Taylor Berg-Kirkpatrick,1400419309,['Computer Science']
ff77105b2c345f54e1a87f4fbb3a701201f0c1a8,Hierarchical Event Grounding,T. Mitamura,1706595,['Computer Science']
61678a9f1d8291bb0f3d704a439ac8cd64fa6482,Read and Reap the Rewards: Learning to Play Atari with the Help of Instruction Manuals,Tom Michael Mitchell,40975594,['Computer Science']
8874cd8cb99d00e133fba10454e5e5e64f38ca85,Learning to Give Useful Hints: Assistance Action Evaluation and Policy Improvements,Tom Michael Mitchell,40975594,['Computer Science']
e98e4af918f3ad0f6ea65f2c68e2846a5b7eb333,Genitourinary Management and Follow-Up for Patients with Stevens-Johnson Syndrome/Toxic Epidermal Necrolysis,Tom Michael Mitchell,40975594,
2ca8e50ffd6e2e67f3fe2fbf1af57dbedb4cf493,"Answering Ambiguous Questions with a Database of Questions, Answers, and Revisions",William W. Cohen,50056360,['Computer Science']
646cca9de110726000a6e44560743b241a4d7f91,MEMORY-VQ: Compression for Tractable Internet-Scale Memory,William W. Cohen,50056360,['Computer Science']
83b8e18488d8f31dd017ec0b26531cef4b635b36,Subject-driven Text-to-Image Generation via Apprenticeship Learning,William W. Cohen,50056360,['Computer Science']
c67099476f2b505dfd5a22c817707fad83de9994,GLIMMER: generalized late-interaction memory reranker,William W. Cohen,50056360,['Computer Science']
02ce4d3f93902a94ec2b57630b77696b7f18c84a,PESCO: Prompt-enhanced Self Contrastive Learning for Zero-shot Text Classification,Yiming Yang,46286308,['Computer Science']
1804dc14b1cf7bbae96bf3215997e9f14425d622,Generation-driven Contrastive Self-training for Zero-shot Text Classification with Instruction-tuned GPT,Yiming Yang,46286308,['Computer Science']
3c92fd24ea2a49aeba4b368abe3ef13cbce40987,Long-tailed Extreme Multi-label Text Classification by the Retrieval of Generated Pseudo Label Descriptions,Yiming Yang,46286308,['Computer Science']
4ce987d4f8ae0f4680808c318980d42a82b9aa89,Learning a Fourier Transform for Linear Relative Positional Encodings in Transformers,Yiming Yang,46286308,['Computer Science']
846f60ef3b98590c7ad1d84727c66a08cc2258c8,Efficient Temporal Sentence Grounding in Videos with Multi-Teacher Knowledge Distillation,Yiming Yang,46286308,['Computer Science']
938d2951ba3aa26f3752d489c3c044ae67d5e809,Retrieval-Enhanced Generative Model for Large-Scale Knowledge Graph Completion,Yiming Yang,46286308,['Computer Science']
b4a6c010724f0459c9791018e34a982cf96987cf,Let's Sample Step by Step: Adaptive-Consistency for Efficient Reasoning and Coding with LLMs,Yiming Yang,46286308,['Computer Science']
e01515c6138bc525f7aec30fc85f2adf028d4156,Principle-Driven Self-Alignment of Language Models from Scratch with Minimal Human Supervision,Yiming Yang,46286308,['Computer Science']
fe9fe9f15f24fbbb19b62bcd9a3418511a699b84,Policy Representation via Diffusion Probability Model for Reinforcement Learning,Yiming Yang,46286308,['Computer Science']
08a23cb1ae7b0748407146520c0630d7f2b51c4c,Accelerating Diffusion-based Combinatorial Optimization Solvers by Progressive Distillation,Yiming Yang,35729970,['Computer Science']
0a187bee2436f4a2e98dd94d3c2f18b83281efdb,Automatic synchrotron tomographic alignment schemes based on genetic algorithms and human-in-the-loop software,Yiming Yang,35729970,['Medicine']
16db1c1c00ac219984c28480cb60fd09b1897bf6,High CD8+tumor-infiltrating lymphocytes indicate severe exhaustion and poor prognosis in angioimmunoblastic T-cell lymphoma,Yiming Yang,35729970,['Medicine']
2bfa8ac40c1ff8e45c298115fcadae062526310e,Numerical Investigation of Fatigue Crack Propagation Behaviour of 550E High-Performance Steel,Yiming Yang,35729970,
48bd660e0841ca990178cfafec01163ba2bb07ee,Association between albumin-to-globulin ratio and the risk of overall survival in advanced non-small cell lung cancer patients with anlotinib treatment: a retrospective cohort study,Yiming Yang,35729970,['Medicine']
535047a5e5845b3a05fb566d9733091448410d75,Analysis of Volatile Components in Dried Fruits and Branch Exudates of Schisandra chinensis with Different Fruit Colors Using GC-IMS Technology,Yiming Yang,35729970,['Medicine']
5921cc9349dfc43acfefbddc4c9b81a4b6a0b1f9,Secreted endogenous macrosomes reduce Aβ burden and ameliorate Alzheimer’s disease,Yiming Yang,35729970,['Medicine']
5f90d43e6ece5c6ee6e8186e4b57d46c85377713,DIFUSCO: Graph-based Diffusion Solvers for Combinatorial Optimization,Yiming Yang,35729970,['Computer Science']
6a42f6362afa3a1a0936f7a6a8927d04a2285cc5,Balancing Exploration and Exploitation in Hierarchical Reinforcement Learning via Latent Landmark Graphs,Yiming Yang,35729970,['Computer Science']
844bb298d49ef4a07b5d4929dfdfd170f6a1d5f5,Aligning Large Multimodal Models with Factually Augmented RLHF,Yiming Yang,35729970,['Computer Science']
b946ca9514be9920e5d1eff11f597facb8f7c6b7,An Experimental Study on Secondary Transfer Performances of Prestress after Anchoring Failure of Steel Wire Strands,Yiming Yang,35729970,
f1a75a847c99ab399454c911235f0d5f7854c5a4,MRI Features for Predicting Microvascular Invasion and Postoperative Recurrence in Hepatocellular Carcinoma Without Peritumoral Hypointensity,Yiming Yang,35729970,['Medicine']
ff4bd0966db6a5f30fe41c8479765e9d9702a8c0,Impact of local governments’ construction land allocation strategies on innovation-driven development of China,Yiming Yang,35729970,
3b0c02955e88f5862e61b560c7f70ba8cf235b1d,HomeRobot: Open-Vocabulary Mobile Manipulation,Yonatan Bisk,3312309,['Computer Science']
5ce2f1dff23a5620f77f9b11f1e534422ab8ff3f,"Plan, Eliminate, and Track - Language Models are Good Teachers for Embodied Agents",Yonatan Bisk,3312309,['Computer Science']
69b8cd15966c4c9c3e44e71769e557f1c87fb3f9,MOSAIC: Learning Unified Multi-Sensory Object Property Representations for Robot Perception,Yonatan Bisk,3312309,['Computer Science']
8035a247980cb18abf2bb7b9d96e7d4c63622ef2,Reasoning about the Unseen for Efficient Outdoor Object Navigation,Yonatan Bisk,3312309,['Computer Science']
12902f724619344dfeae330043c4b7b1c9d99bd0,Understanding Ethics in NLP Authoring and Reviewing,Yulia Tsvetkov,145317727,
1bc0dc96d745325d89ec5bee1da1541255e6d1eb,BotPercent: Estimating Twitter Bot Populations from Groups to Crowds,Yulia Tsvetkov,2073587169,['Computer Science']
346e4f35a5a81ef893792133ec1fec18f23c1768,Examining risks of racial biases in NLP tools for child protective services,Yulia Tsvetkov,2073587169,['Computer Science']
36f7bc27c9a37eb337c35df4ae86f148e13d4e9a,Understanding In-Context Learning via Supportive Pretraining Data,Yulia Tsvetkov,2073587169,['Computer Science']
49f1fa0d609ff06564b46270cbc022b7d9d195f4,Assessing Language Model Deployment with Risk Cards,Yulia Tsvetkov,2073587169,['Computer Science']
5471114e37448bea2457b74894b1ecb92bbcfdf6,From Pretraining Data to Language Models to Downstream Tasks: Tracking the Trails of Political Biases Leading to Unfair NLP Models,Yulia Tsvetkov,2073587169,['Computer Science']
663d743272e9ab04f54d9105a3c3a3f6e22dd1dd,FactKB: Generalizable Factuality Evaluation using Language Models Enhanced with Factual Knowledge,Yulia Tsvetkov,2073587169,['Computer Science']
926dece297434dc535733814efca28759b94ab82,TalkUp: Paving the Way for Understanding Empowering Language,Yulia Tsvetkov,2073587169,['Computer Science']
984d4a1d41bfc8184fb77b8aa0eb8e96d536d048,Trusting Your Evidence: Hallucinate Less with Context-aware Decoding,Yulia Tsvetkov,2073587169,['Computer Science']
ad454e24bd32408559512b4bac4cd5237794210f,BUFFET: Benchmarking Large Language Models for Few-shot Cross-lingual Transfer,Yulia Tsvetkov,2073587169,['Computer Science']
cb0335107f12d331ace2cbf220eb3c7bdcf653c5,Mitigating Societal Harms in Large Language Models,Yulia Tsvetkov,2073587169,
d7a3f5c612930a3c08f1632b88934252edc66d67,Minding Language Models’ (Lack of) Theory of Mind: A Plug-and-Play Multi-Character Belief Tracker,Yulia Tsvetkov,2073587169,['Computer Science']
df2beaae63e4d68ef8e762bcd4704c9f11f856d9,Can Language Models Solve Graph Problems in Natural Language?,Yulia Tsvetkov,2073587169,['Computer Science']
f9a5af5b21563b9bdd09630a8dec62d515479678,LEXPLAIN: Improving Model Explanations via Lexicon Supervision,Yulia Tsvetkov,2073587169,['Computer Science']
